run_id,agent_name,task_name,timestamp,status,memory_reads,memory_writes,tool_calls,failures,retries,confidence,drift_score,latency_ms,notes
run-001,MemoryScout,summarize_customer_thread,2026-05-20T09:00:00,success,1,1,2,0,0,0.93,0.08,650,sample local telemetry record for dashboard exploration
run-002,ToolPilot,research_competitor,2026-05-20T18:00:00,success,3,1,5,0,0,0.937,0.102,823,sample local telemetry record for dashboard exploration
run-003,EvalRunner,route_support_ticket,2026-05-21T03:00:00,failed,5,1,8,2,2,0.684,0.284,2796,sample local telemetry record for dashboard exploration
run-004,MemoryScout,generate_run_report,2026-05-21T12:00:00,success,7,2,11,0,0,0.876,0.146,1169,sample local telemetry record for dashboard exploration
run-005,ToolPilot,inspect_code_change,2026-05-21T21:00:00,warning,1,3,3,1,1,0.753,0.248,2242,sample local telemetry record for dashboard exploration
run-006,EvalRunner,triage_agent_failure,2026-05-22T06:00:00,success,3,1,6,0,0,0.89,0.19,1515,sample local telemetry record for dashboard exploration
run-007,MemoryScout,summarize_customer_thread,2026-05-22T15:00:00,warning,5,1,9,1,1,0.692,0.232,2588,sample local telemetry record for dashboard exploration
run-008,ToolPilot,research_competitor,2026-05-23T00:00:00,success,7,2,12,0,0,0.955,0.174,1861,sample local telemetry record for dashboard exploration
run-009,EvalRunner,route_support_ticket,2026-05-23T09:00:00,success,1,2,4,0,0,0.962,0.196,2034,sample local telemetry record for dashboard exploration
run-010,MemoryScout,generate_run_report,2026-05-23T18:00:00,failed,3,2,7,3,3,0.504,0.458,4907,sample local telemetry record for dashboard exploration
run-011,ToolPilot,inspect_code_change,2026-05-24T03:00:00,success,5,1,10,0,0,0.901,0.24,2380,sample local telemetry record for dashboard exploration
run-012,EvalRunner,triage_agent_failure,2026-05-24T12:00:00,failed,7,0,2,3,3,0.518,0.502,5253,sample local telemetry record for dashboard exploration
run-013,MemoryScout,summarize_customer_thread,2026-05-24T21:00:00,success,1,2,5,0,0,0.84,0.224,2726,sample local telemetry record for dashboard exploration
run-014,ToolPilot,research_competitor,2026-05-25T06:00:00,warning,3,2,8,1,2,0.717,0.326,3799,sample local telemetry record for dashboard exploration
run-015,EvalRunner,route_support_ticket,2026-05-25T15:00:00,success,5,3,11,0,0,0.98,0.268,3072,sample local telemetry record for dashboard exploration
run-016,MemoryScout,generate_run_report,2026-05-26T00:00:00,warning,7,1,3,1,2,0.782,0.37,4145,sample local telemetry record for dashboard exploration
run-017,ToolPilot,inspect_code_change,2026-05-26T09:00:00,success,1,1,6,0,0,0.919,0.312,3418,sample local telemetry record for dashboard exploration
run-018,EvalRunner,triage_agent_failure,2026-05-26T18:00:00,success,3,2,9,0,0,0.926,0.334,3591,sample local telemetry record for dashboard exploration
run-019,MemoryScout,summarize_customer_thread,2026-05-27T03:00:00,failed,5,1,12,2,2,0.598,0.456,5564,sample local telemetry record for dashboard exploration
run-020,ToolPilot,research_competitor,2026-05-27T12:00:00,success,7,3,4,0,0,0.865,0.318,3937,sample local telemetry record for dashboard exploration
run-021,EvalRunner,route_support_ticket,2026-05-27T21:00:00,failed,1,0,7,2,2,0.612,0.5,5910,sample local telemetry record for dashboard exploration
run-022,MemoryScout,generate_run_report,2026-05-28T06:00:00,success,3,1,10,0,0,0.93,0.362,4283,sample local telemetry record for dashboard exploration
run-023,ToolPilot,inspect_code_change,2026-05-28T15:00:00,warning,5,2,2,1,1,0.807,0.464,5356,sample local telemetry record for dashboard exploration
run-024,EvalRunner,triage_agent_failure,2026-05-29T00:00:00,success,7,2,5,0,0,0.944,0.406,4629,sample local telemetry record for dashboard exploration
run-025,MemoryScout,summarize_customer_thread,2026-05-29T09:00:00,success,1,3,8,0,0,0.876,0.368,4802,sample local telemetry record for dashboard exploration
run-026,ToolPilot,research_competitor,2026-05-29T18:00:00,success,3,1,11,0,0,0.883,0.39,775,sample local telemetry record for dashboard exploration
run-027,EvalRunner,route_support_ticket,2026-05-30T03:00:00,success,5,1,3,0,0,0.89,0.412,948,sample local telemetry record for dashboard exploration
run-028,MemoryScout,generate_run_report,2026-05-30T12:00:00,failed,7,1,6,3,3,0.432,0.674,3821,sample local telemetry record for dashboard exploration
run-029,ToolPilot,inspect_code_change,2026-05-30T21:00:00,success,1,2,9,0,0,0.955,0.456,1294,sample local telemetry record for dashboard exploration
run-030,EvalRunner,triage_agent_failure,2026-05-31T06:00:00,warning,3,3,12,1,2,0.832,0.558,2367,sample local telemetry record for dashboard exploration
run-031,MemoryScout,summarize_customer_thread,2026-05-31T15:00:00,success,5,1,4,0,0,0.894,0.44,1640,sample local telemetry record for dashboard exploration
run-032,ToolPilot,research_competitor,2026-06-01T00:00:00,warning,7,1,7,1,2,0.771,0.542,2713,sample local telemetry record for dashboard exploration
run-033,EvalRunner,route_support_ticket,2026-06-01T09:00:00,success,1,2,10,0,0,0.908,0.484,1986,sample local telemetry record for dashboard exploration
run-034,MemoryScout,generate_run_report,2026-06-01T18:00:00,success,3,2,2,0,0,0.84,0.506,2159,sample local telemetry record for dashboard exploration
run-035,ToolPilot,inspect_code_change,2026-06-02T03:00:00,failed,5,2,5,2,2,0.587,0.688,4132,sample local telemetry record for dashboard exploration
run-036,EvalRunner,triage_agent_failure,2026-06-02T12:00:00,success,7,1,8,0,0,0.98,0.55,2505,sample local telemetry record for dashboard exploration
run-037,MemoryScout,summarize_customer_thread,2026-06-02T21:00:00,failed,1,0,11,2,2,0.652,0.672,4478,sample local telemetry record for dashboard exploration
run-038,ToolPilot,research_competitor,2026-06-03T06:00:00,success,3,2,3,0,0,0.919,0.534,2851,sample local telemetry record for dashboard exploration
run-039,EvalRunner,route_support_ticket,2026-06-03T15:00:00,warning,5,2,6,1,1,0.796,0.636,3924,sample local telemetry record for dashboard exploration
run-040,MemoryScout,generate_run_report,2026-06-04T00:00:00,success,7,3,9,0,0,0.858,0.578,3197,sample local telemetry record for dashboard exploration
run-041,ToolPilot,inspect_code_change,2026-06-04T09:00:00,warning,1,1,12,1,1,0.735,0.68,4270,sample local telemetry record for dashboard exploration
run-042,EvalRunner,triage_agent_failure,2026-06-04T18:00:00,success,3,1,4,0,0,0.872,0.622,3543,sample local telemetry record for dashboard exploration
